id;title;description;date
1;Integration;../fake-data/blob/hipster.txt;2022-10-17
2;Sleek Chief;../fake-data/blob/hipster.txt;2022-10-17
3;Savings task-force;../fake-data/blob/hipster.txt;2022-10-18
4;reboot Soap;../fake-data/blob/hipster.txt;2022-10-18
5;edge Litvanya hack;../fake-data/blob/hipster.txt;2022-10-18
6;bandwidth Canyon;../fake-data/blob/hipster.txt;2022-10-17
7;Intranet;../fake-data/blob/hipster.txt;2022-10-17
8;task-force Point repurpose;../fake-data/blob/hipster.txt;2022-10-18
9;Malta Balboa;../fake-data/blob/hipster.txt;2022-10-18
10;Diverse;../fake-data/blob/hipster.txt;2022-10-17
