id;user_name;description
1;payment Hawaii Health;../fake-data/blob/hipster.txt
2;magenta Senior Refined;../fake-data/blob/hipster.txt
3;reintermediate;../fake-data/blob/hipster.txt
4;Sharable Kosova Fresh;../fake-data/blob/hipster.txt
5;web-enabled green Manager;../fake-data/blob/hipster.txt
6;virtual;../fake-data/blob/hipster.txt
7;calculating Savings feed;../fake-data/blob/hipster.txt
8;application morph;../fake-data/blob/hipster.txt
9;eyeballs Horizontal;../fake-data/blob/hipster.txt
10;Fish;../fake-data/blob/hipster.txt
